digits,workload,pair_index,order_slot,mode,iterations,ns_per_op,cpu_ns_per_op
12,throughput4096.FP64.mul,0,0,toward_zero,1048576,2.683067322,2.665242195
12,throughput4096.FP64.mul,0,1,nearest_even,1048576,2.514092445,2.510313988
12,throughput4096.FP64.mul,1,0,nearest_even,1048576,2.382161140,2.375479698
12,throughput4096.FP64.mul,1,1,toward_zero,1048576,2.651699066,2.645503044
12,throughput4096.FP64.mul,2,0,toward_zero,1048576,2.623694420,2.616858482
12,throughput4096.FP64.mul,2,1,nearest_even,1048576,2.384654999,2.379634857
12,throughput4096.FP64.mul,3,0,nearest_even,1048576,2.385294914,2.381126404
12,throughput4096.FP64.mul,3,1,toward_zero,1048576,2.611617088,2.605140686
12,throughput4096.FP64.mul,4,0,toward_zero,1048576,2.607345581,2.601341248
12,throughput4096.FP64.mul,4,1,nearest_even,1048576,2.376017570,2.371513367
12,throughput4096.FP64.mul,5,0,nearest_even,1048576,2.380249977,2.373798370
12,throughput4096.FP64.mul,5,1,toward_zero,1048576,2.736831665,2.730194092
12,throughput4096.FP64.mul,6,0,toward_zero,1048576,2.666260719,2.659881592
12,throughput4096.FP64.mul,6,1,nearest_even,1048576,2.368296623,2.364233017
12,throughput4096.FP64.mul,7,0,nearest_even,1048576,2.382064819,2.374925613
12,throughput4096.FP64.mul,7,1,toward_zero,1048576,2.596434593,2.593480110
12,throughput4096.FP64.mul,8,0,toward_zero,1048576,2.624946594,2.618721008
12,throughput4096.FP64.mul,8,1,nearest_even,1048576,2.379188538,2.372467995
12,throughput256.FP64.mul,0,0,toward_zero,1048576,2.684500694,2.680779457
12,throughput256.FP64.mul,0,1,nearest_even,1048576,2.372816086,2.367215157
12,throughput256.FP64.mul,1,0,nearest_even,1048576,2.368783951,2.365121841
12,throughput256.FP64.mul,1,1,toward_zero,1048576,2.610050201,2.605258942
12,throughput256.FP64.mul,2,0,toward_zero,1048576,2.632771492,2.626442909
12,throughput256.FP64.mul,2,1,nearest_even,1048576,2.363576889,2.360966682
12,throughput256.FP64.mul,3,0,nearest_even,1048576,2.372214317,2.366908073
12,throughput256.FP64.mul,3,1,toward_zero,1048576,2.651241302,2.645368576
12,throughput256.FP64.mul,4,0,toward_zero,1048576,2.594332695,2.590240479
12,throughput256.FP64.mul,4,1,nearest_even,1048576,2.374698639,2.367395401
12,throughput256.FP64.mul,5,0,nearest_even,1048576,2.367484093,2.363228798
12,throughput256.FP64.mul,5,1,toward_zero,1048576,2.595421791,2.590029716
12,throughput256.FP64.mul,6,0,toward_zero,1048576,2.637988091,2.631525040
12,throughput256.FP64.mul,6,1,nearest_even,1048576,2.368526459,2.364892960
12,throughput256.FP64.mul,7,0,nearest_even,1048576,2.373800278,2.368504524
12,throughput256.FP64.mul,7,1,toward_zero,1048576,2.596635818,2.590993881
12,throughput256.FP64.mul,8,0,toward_zero,1048576,2.605883598,2.602211952
12,throughput256.FP64.mul,8,1,nearest_even,1048576,2.365372658,2.359962463
12,exact_results.FP64.mul,0,0,toward_zero,1048576,2.655750275,2.650538445
12,exact_results.FP64.mul,0,1,nearest_even,1048576,2.594036102,2.587316513
12,exact_results.FP64.mul,1,0,nearest_even,1048576,2.596014023,2.591013908
12,exact_results.FP64.mul,1,1,toward_zero,1048576,2.641121864,2.637247086
12,exact_results.FP64.mul,2,0,toward_zero,1048576,2.584720612,2.578784943
12,exact_results.FP64.mul,2,1,nearest_even,1048576,2.593559265,2.588087082
12,exact_results.FP64.mul,3,0,nearest_even,1048576,2.600753784,2.594682693
12,exact_results.FP64.mul,3,1,toward_zero,1048576,2.585552216,2.581658363
12,exact_results.FP64.mul,4,0,toward_zero,1048576,2.586144447,2.581173897
12,exact_results.FP64.mul,4,1,nearest_even,1048576,2.633039474,2.615913391
12,exact_results.FP64.mul,5,0,nearest_even,1048576,2.655005455,2.590365410
12,exact_results.FP64.mul,5,1,toward_zero,1048576,2.671133995,2.668157578
12,exact_results.FP64.mul,6,0,toward_zero,1048576,2.600476265,2.595665932
12,exact_results.FP64.mul,6,1,nearest_even,1048576,2.586832047,2.582662582
12,exact_results.FP64.mul,7,0,nearest_even,1048576,2.595937729,2.591211319
12,exact_results.FP64.mul,7,1,toward_zero,1048576,2.600342751,2.597529411
12,exact_results.FP64.mul,8,0,toward_zero,1048576,2.618744850,2.609167099
12,exact_results.FP64.mul,8,1,nearest_even,1048576,2.620551109,2.598138809
12,halfway_ties.FP64.mul,0,0,toward_zero,1048576,2.610364914,2.607913971
12,halfway_ties.FP64.mul,0,1,nearest_even,1048576,2.394075394,2.391395569
12,halfway_ties.FP64.mul,1,0,nearest_even,1048576,2.392203331,2.390248299
12,halfway_ties.FP64.mul,1,1,toward_zero,1048576,2.720569611,2.707626343
12,halfway_ties.FP64.mul,2,0,toward_zero,1048576,2.574105263,2.569630623
12,halfway_ties.FP64.mul,2,1,nearest_even,1048576,2.333068848,2.330237389
12,halfway_ties.FP64.mul,3,0,nearest_even,1048576,2.345127106,2.340578079
12,halfway_ties.FP64.mul,3,1,toward_zero,1048576,2.599941254,2.590306282
12,halfway_ties.FP64.mul,4,0,toward_zero,1048576,2.602779388,2.597799301
12,halfway_ties.FP64.mul,4,1,nearest_even,1048576,2.367313385,2.364098549
12,halfway_ties.FP64.mul,5,0,nearest_even,1048576,2.368613243,2.365323067
12,halfway_ties.FP64.mul,5,1,toward_zero,1048576,2.621697426,2.611650467
12,halfway_ties.FP64.mul,6,0,toward_zero,1048576,2.641447067,2.637718201
12,halfway_ties.FP64.mul,6,1,nearest_even,1048576,2.359487534,2.357316017
12,halfway_ties.FP64.mul,7,0,nearest_even,1048576,2.365573883,2.361568451
12,halfway_ties.FP64.mul,7,1,toward_zero,1048576,2.603791237,2.593833923
12,halfway_ties.FP64.mul,8,0,toward_zero,1048576,2.588647842,2.583703041
12,halfway_ties.FP64.mul,8,1,nearest_even,1048576,2.361579895,2.356016159
12,exact_chain.FP64.mul,0,0,toward_zero,1048576,3.748675346,3.742491722
12,exact_chain.FP64.mul,0,1,nearest_even,1048576,3.777703285,3.764105797
12,exact_chain.FP64.mul,1,0,nearest_even,1048576,3.763065338,3.757686615
12,exact_chain.FP64.mul,1,1,toward_zero,1048576,3.733654976,3.729318619
12,exact_chain.FP64.mul,2,0,toward_zero,1048576,3.718004227,3.708172798
12,exact_chain.FP64.mul,2,1,nearest_even,1048576,3.764421463,3.760178566
12,exact_chain.FP64.mul,3,0,nearest_even,1048576,3.764870644,3.761228561
12,exact_chain.FP64.mul,3,1,toward_zero,1048576,3.737563133,3.726832390
12,exact_chain.FP64.mul,4,0,toward_zero,1048576,3.709367752,3.705323219
12,exact_chain.FP64.mul,4,1,nearest_even,1048576,3.777960777,3.765881538
12,exact_chain.FP64.mul,5,0,nearest_even,1048576,3.703405380,3.698436737
12,exact_chain.FP64.mul,5,1,toward_zero,1048576,3.710990906,3.706271172
12,exact_chain.FP64.mul,6,0,toward_zero,1048576,3.741757393,3.731590271
12,exact_chain.FP64.mul,6,1,nearest_even,1048576,3.756529808,3.752336502
12,exact_chain.FP64.mul,7,0,nearest_even,1048576,3.766953468,3.761829376
12,exact_chain.FP64.mul,7,1,toward_zero,1048576,3.760084152,3.749211311
12,exact_chain.FP64.mul,8,0,toward_zero,1048576,3.716446877,3.711594582
12,exact_chain.FP64.mul,8,1,nearest_even,1048576,3.766742706,3.761764526
12,inexact_chain.FP64.mul,0,0,nearest_even,1048576,4.819882393,4.808975220
12,inexact_chain.FP64.mul,0,1,toward_zero,1048576,3.733244896,3.729373932
12,inexact_chain.FP64.mul,1,0,toward_zero,1048576,3.740706444,3.728794098
12,inexact_chain.FP64.mul,1,1,nearest_even,1048576,4.811617851,4.803775787
12,inexact_chain.FP64.mul,2,0,nearest_even,1048576,4.816156387,4.804596901
12,inexact_chain.FP64.mul,2,1,toward_zero,1048576,3.711956978,3.705800056
12,inexact_chain.FP64.mul,3,0,toward_zero,1048576,3.695904732,3.689952850
12,inexact_chain.FP64.mul,3,1,nearest_even,1048576,4.816155434,4.803076744
12,inexact_chain.FP64.mul,4,0,nearest_even,1048576,4.808588028,4.803547859
12,inexact_chain.FP64.mul,4,1,toward_zero,1048576,3.740955353,3.729583740
12,inexact_chain.FP64.mul,5,0,toward_zero,1048576,3.716227531,3.711152077
12,inexact_chain.FP64.mul,5,1,nearest_even,1048576,4.810986519,4.805229187
12,inexact_chain.FP64.mul,6,0,nearest_even,1048576,4.877047539,4.863185883
12,inexact_chain.FP64.mul,6,1,toward_zero,1048576,3.706797600,3.701476097
12,inexact_chain.FP64.mul,7,0,toward_zero,1048576,3.689856529,3.678483963
12,inexact_chain.FP64.mul,7,1,nearest_even,1048576,4.812420845,4.807694435
12,inexact_chain.FP64.mul,8,0,nearest_even,1048576,4.814761162,4.801476479
12,inexact_chain.FP64.mul,8,1,toward_zero,1048576,3.755812645,3.750547409
12,throughput4096.FP64.div,0,0,nearest_even,1048576,2.942429543,2.936644554
12,throughput4096.FP64.div,0,1,toward_zero,1048576,2.413710594,2.410593033
12,throughput4096.FP64.div,1,0,toward_zero,1048576,2.419576645,2.409969330
12,throughput4096.FP64.div,1,1,nearest_even,1048576,2.943748474,2.939815521
12,throughput4096.FP64.div,2,0,nearest_even,1048576,2.940232277,2.937216759
12,throughput4096.FP64.div,2,1,toward_zero,1048576,2.420952797,2.412055016
12,throughput4096.FP64.div,3,0,toward_zero,1048576,2.410643578,2.406712532
12,throughput4096.FP64.div,3,1,nearest_even,1048576,2.940547943,2.938248634
12,throughput4096.FP64.div,4,0,nearest_even,1048576,2.941981316,2.938907623
12,throughput4096.FP64.div,4,1,toward_zero,1048576,2.418296814,2.408395767
12,throughput4096.FP64.div,5,0,toward_zero,1048576,2.413672447,2.410765648
12,throughput4096.FP64.div,5,1,nearest_even,1048576,2.935971260,2.933080673
12,throughput4096.FP64.div,6,0,nearest_even,1048576,2.945927620,2.942614555
12,throughput4096.FP64.div,6,1,toward_zero,1048576,2.415163040,2.406722069
12,throughput4096.FP64.div,7,0,toward_zero,1048576,2.408235550,2.406360626
12,throughput4096.FP64.div,7,1,nearest_even,1048576,2.942315102,2.939442635
12,throughput4096.FP64.div,8,0,nearest_even,1048576,2.946748734,2.940101624
12,throughput4096.FP64.div,8,1,toward_zero,1048576,2.420427322,2.409743309
12,throughput256.FP64.div,0,0,nearest_even,1048576,2.947197914,2.935688019
12,throughput256.FP64.div,0,1,toward_zero,1048576,2.437214851,2.431374550
12,throughput256.FP64.div,1,0,toward_zero,1048576,2.430832863,2.427266121
12,throughput256.FP64.div,1,1,nearest_even,1048576,2.952261925,2.939251900
12,throughput256.FP64.div,2,0,nearest_even,1048576,2.943624496,2.936718941
12,throughput256.FP64.div,2,1,toward_zero,1048576,2.430689812,2.426826477
12,throughput256.FP64.div,3,0,toward_zero,1048576,2.435400009,2.424341202
12,throughput256.FP64.div,3,1,nearest_even,1048576,2.941656113,2.935908318
12,throughput256.FP64.div,4,0,nearest_even,1048576,2.943127632,2.937867165
12,throughput256.FP64.div,4,1,toward_zero,1048576,2.427832603,2.424072266
12,throughput256.FP64.div,5,0,toward_zero,1048576,2.445631981,2.433408737
12,throughput256.FP64.div,5,1,nearest_even,1048576,2.942946434,2.937894821
12,throughput256.FP64.div,6,0,nearest_even,1048576,2.944502831,2.938852310
12,throughput256.FP64.div,6,1,toward_zero,1048576,2.433002472,2.427177429
12,throughput256.FP64.div,7,0,toward_zero,1048576,2.432466507,2.423826218
12,throughput256.FP64.div,7,1,nearest_even,1048576,2.945382118,2.939404488
12,throughput256.FP64.div,8,0,nearest_even,1048576,2.939363480,2.934350014
12,throughput256.FP64.div,8,1,toward_zero,1048576,2.439603806,2.432394028
12,exact_results.FP64.div,0,0,nearest_even,1048576,2.680755615,2.674826622
12,exact_results.FP64.div,0,1,toward_zero,1048576,2.662343025,2.656042099
12,exact_results.FP64.div,1,0,toward_zero,1048576,2.673149109,2.666809082
12,exact_results.FP64.div,1,1,nearest_even,1048576,2.689831734,2.677453041
12,exact_results.FP64.div,2,0,nearest_even,1048576,2.683516502,2.677330971
12,exact_results.FP64.div,2,1,toward_zero,1048576,2.665132523,2.661288261
12,exact_results.FP64.div,3,0,toward_zero,1048576,2.671497345,2.666512489
12,exact_results.FP64.div,3,1,nearest_even,1048576,2.688380241,2.676117897
12,exact_results.FP64.div,4,0,nearest_even,1048576,2.683794022,2.678083420
12,exact_results.FP64.div,4,1,toward_zero,1048576,2.667942047,2.661144257
12,exact_results.FP64.div,5,0,toward_zero,1048576,2.669795990,2.666104317
12,exact_results.FP64.div,5,1,nearest_even,1048576,2.683717728,2.671634674
12,exact_results.FP64.div,6,0,nearest_even,1048576,2.685589790,2.679537773
12,exact_results.FP64.div,6,1,toward_zero,1048576,2.674057007,2.667356491
12,exact_results.FP64.div,7,0,toward_zero,1048576,2.669786453,2.663722992
12,exact_results.FP64.div,7,1,nearest_even,1048576,2.691666603,2.681372643
12,exact_results.FP64.div,8,0,nearest_even,1048576,2.681786537,2.676304817
12,exact_results.FP64.div,8,1,toward_zero,1048576,2.668917656,2.663047791
12,halfway_ties.FP64.div,0,0,nearest_even,1048576,2.960392952,2.949160576
12,halfway_ties.FP64.div,0,1,toward_zero,1048576,2.669958115,2.663925171
12,halfway_ties.FP64.div,1,0,toward_zero,1048576,2.665706635,2.662720680
12,halfway_ties.FP64.div,1,1,nearest_even,1048576,2.950044632,2.944361687
12,halfway_ties.FP64.div,2,0,nearest_even,1048576,2.962169647,2.946381569
12,halfway_ties.FP64.div,2,1,toward_zero,1048576,2.661722183,2.658222198
12,halfway_ties.FP64.div,3,0,toward_zero,1048576,2.669853210,2.664354324
12,halfway_ties.FP64.div,3,1,nearest_even,1048576,2.955969810,2.944429398
12,halfway_ties.FP64.div,4,0,nearest_even,1048576,2.949337959,2.943378448
12,halfway_ties.FP64.div,4,1,toward_zero,1048576,2.668725967,2.663419724
12,halfway_ties.FP64.div,5,0,toward_zero,1048576,2.669996262,2.664343834
12,halfway_ties.FP64.div,5,1,nearest_even,1048576,2.960621834,2.949740410
12,halfway_ties.FP64.div,6,0,nearest_even,1048576,2.950590134,2.944831848
12,halfway_ties.FP64.div,6,1,toward_zero,1048576,2.666069031,2.660179138
12,halfway_ties.FP64.div,7,0,toward_zero,1048576,2.670263290,2.664909363
12,halfway_ties.FP64.div,7,1,nearest_even,1048576,2.961644173,2.947935104
12,halfway_ties.FP64.div,8,0,nearest_even,1048576,2.953179359,2.947068214
12,halfway_ties.FP64.div,8,1,toward_zero,1048576,2.664855957,2.659527779
12,exact_chain.FP64.div,0,0,toward_zero,1048576,3.741346359,3.734590530
12,exact_chain.FP64.div,0,1,nearest_even,1048576,3.776470184,3.762290001
12,exact_chain.FP64.div,1,0,nearest_even,1048576,3.768367767,3.761448860
12,exact_chain.FP64.div,1,1,toward_zero,1048576,3.752563477,3.738203049
12,exact_chain.FP64.div,2,0,toward_zero,1048576,3.738155365,3.730483055
12,exact_chain.FP64.div,2,1,nearest_even,1048576,3.767421722,3.760198593
12,exact_chain.FP64.div,3,0,nearest_even,1048576,3.775380135,3.760530472
12,exact_chain.FP64.div,3,1,toward_zero,1048576,3.740792274,3.732899666
12,exact_chain.FP64.div,4,0,toward_zero,1048576,3.745770454,3.738219261
12,exact_chain.FP64.div,4,1,nearest_even,1048576,3.771472931,3.758028030
12,exact_chain.FP64.div,5,0,nearest_even,1048576,3.769075394,3.762109756
12,exact_chain.FP64.div,5,1,toward_zero,1048576,3.747920990,3.736682892
12,exact_chain.FP64.div,6,0,toward_zero,1048576,3.739435196,3.732573509
12,exact_chain.FP64.div,6,1,nearest_even,1048576,3.767106056,3.760188103
12,exact_chain.FP64.div,7,0,nearest_even,1048576,3.775687218,3.761622429
12,exact_chain.FP64.div,7,1,toward_zero,1048576,3.736378670,3.728524208
12,exact_chain.FP64.div,8,0,toward_zero,1048576,3.721663475,3.714620590
12,exact_chain.FP64.div,8,1,nearest_even,1048576,3.806882858,3.776039124
12,inexact_chain.FP64.div,0,0,nearest_even,1048576,5.067043304,5.056766510
12,inexact_chain.FP64.div,0,1,toward_zero,1048576,3.751914978,3.737876892
12,inexact_chain.FP64.div,1,0,toward_zero,1048576,3.748723030,3.740935326
12,inexact_chain.FP64.div,1,1,nearest_even,1048576,5.064186096,5.053985596
12,inexact_chain.FP64.div,2,0,nearest_even,1048576,5.078537941,5.060310364
12,inexact_chain.FP64.div,2,1,toward_zero,1048576,3.743381500,3.736445427
12,inexact_chain.FP64.div,3,0,toward_zero,1048576,3.751942635,3.739223480
12,inexact_chain.FP64.div,3,1,nearest_even,1048576,5.067378044,5.055628777
12,inexact_chain.FP64.div,4,0,nearest_even,1048576,5.071200371,5.054347992
12,inexact_chain.FP64.div,4,1,toward_zero,1048576,3.745885849,3.738396645
12,inexact_chain.FP64.div,5,0,toward_zero,1048576,3.746315956,3.738868713
12,inexact_chain.FP64.div,5,1,nearest_even,1048576,5.070005417,5.053668022
12,inexact_chain.FP64.div,6,0,nearest_even,1048576,5.066613197,5.054404259
12,inexact_chain.FP64.div,6,1,toward_zero,1048576,3.755133629,3.740354538
12,inexact_chain.FP64.div,7,0,toward_zero,1048576,3.744862556,3.739051819
12,inexact_chain.FP64.div,7,1,nearest_even,1048576,5.071725845,5.053442955
12,inexact_chain.FP64.div,8,0,nearest_even,1048576,5.064425468,5.053334236
12,inexact_chain.FP64.div,8,1,toward_zero,1048576,3.747194290,3.740142822
12,throughput4096.FP64.mul_div,0,0,nearest_even,1048576,2.986697197,2.980707169
12,throughput4096.FP64.mul_div,0,1,toward_zero,1048576,2.589163780,2.583944321
12,throughput4096.FP64.mul_div,1,0,toward_zero,1048576,2.586096764,2.581992149
12,throughput4096.FP64.mul_div,1,1,nearest_even,1048576,2.999146461,2.985534668
12,throughput4096.FP64.mul_div,2,0,nearest_even,1048576,2.989256859,2.982696533
12,throughput4096.FP64.mul_div,2,1,toward_zero,1048576,2.586134911,2.581994057
12,throughput4096.FP64.mul_div,3,0,toward_zero,1048576,2.586717606,2.580989838
12,throughput4096.FP64.mul_div,3,1,nearest_even,1048576,3.013545990,2.985278130
12,throughput4096.FP64.mul_div,4,0,nearest_even,1048576,2.989133835,2.984207153
12,throughput4096.FP64.mul_div,4,1,toward_zero,1048576,2.587577820,2.581514359
12,throughput4096.FP64.mul_div,5,0,toward_zero,1048576,2.596080780,2.583963394
12,throughput4096.FP64.mul_div,5,1,nearest_even,1048576,2.987605095,2.980605125
12,throughput4096.FP64.mul_div,6,0,nearest_even,1048576,2.984097481,2.977901459
12,throughput4096.FP64.mul_div,6,1,toward_zero,1048576,2.585360527,2.579690933
12,throughput4096.FP64.mul_div,7,0,toward_zero,1048576,2.594371796,2.583476067
12,throughput4096.FP64.mul_div,7,1,nearest_even,1048576,2.988923073,2.981255531
12,throughput4096.FP64.mul_div,8,0,nearest_even,1048576,2.986286163,2.980575562
12,throughput4096.FP64.mul_div,8,1,toward_zero,1048576,2.586688995,2.582768440
12,throughput256.FP64.mul_div,0,0,nearest_even,1048576,2.983009338,2.967971802
12,throughput256.FP64.mul_div,0,1,toward_zero,1048576,2.578949928,2.575027466
12,throughput256.FP64.mul_div,1,0,toward_zero,1048576,2.576875687,2.571637154
12,throughput256.FP64.mul_div,1,1,nearest_even,1048576,2.987337112,2.973925591
12,throughput256.FP64.mul_div,2,0,nearest_even,1048576,2.972966194,2.967913628
12,throughput256.FP64.mul_div,2,1,toward_zero,1048576,2.579321861,2.573451042
12,throughput256.FP64.mul_div,3,0,toward_zero,1048576,2.573704720,2.568492889
12,throughput256.FP64.mul_div,3,1,nearest_even,1048576,2.980715752,2.968115807
12,throughput256.FP64.mul_div,4,0,nearest_even,1048576,2.974208832,2.968441010
12,throughput256.FP64.mul_div,4,1,toward_zero,1048576,2.580574036,2.575162888
12,throughput256.FP64.mul_div,5,0,toward_zero,1048576,2.579035759,2.575707436
12,throughput256.FP64.mul_div,5,1,nearest_even,1048576,2.980409622,2.968344688
12,throughput256.FP64.mul_div,6,0,nearest_even,1048576,2.980199814,2.971041679
12,throughput256.FP64.mul_div,6,1,toward_zero,1048576,2.579360008,2.575410843
12,throughput256.FP64.mul_div,7,0,toward_zero,1048576,2.577353477,2.565188408
12,throughput256.FP64.mul_div,7,1,nearest_even,1048576,2.973511696,2.966012001
12,throughput256.FP64.mul_div,8,0,nearest_even,1048576,2.968457222,2.962354660
12,throughput256.FP64.mul_div,8,1,toward_zero,1048576,2.579408646,2.572992325
12,exact_results.FP64.mul_div,0,0,nearest_even,1048576,2.640462875,2.630015373
12,exact_results.FP64.mul_div,0,1,toward_zero,1048576,2.617407799,2.612272263
12,exact_results.FP64.mul_div,1,0,toward_zero,1048576,2.619833946,2.614240646
12,exact_results.FP64.mul_div,1,1,nearest_even,1048576,2.637949944,2.632269859
12,exact_results.FP64.mul_div,2,0,nearest_even,1048576,2.644342422,2.633999825
12,exact_results.FP64.mul_div,2,1,toward_zero,1048576,2.622681618,2.616141319
12,exact_results.FP64.mul_div,3,0,toward_zero,1048576,2.622051239,2.615749359
12,exact_results.FP64.mul_div,3,1,nearest_even,1048576,2.650352478,2.636808395
12,exact_results.FP64.mul_div,4,0,nearest_even,1048576,2.640912056,2.637526512
12,exact_results.FP64.mul_div,4,1,toward_zero,1048576,2.621830940,2.614930153
12,exact_results.FP64.mul_div,5,0,toward_zero,1048576,2.623867035,2.617184639
12,exact_results.FP64.mul_div,5,1,nearest_even,1048576,2.651336670,2.638568878
12,exact_results.FP64.mul_div,6,0,nearest_even,1048576,2.642642021,2.638375282
12,exact_results.FP64.mul_div,6,1,toward_zero,1048576,2.621219635,2.615303040
12,exact_results.FP64.mul_div,7,0,toward_zero,1048576,2.625758171,2.619426727
12,exact_results.FP64.mul_div,7,1,nearest_even,1048576,2.657766342,2.640341759
12,exact_results.FP64.mul_div,8,0,nearest_even,1048576,2.641733170,2.634830475
12,exact_results.FP64.mul_div,8,1,toward_zero,1048576,2.616260529,2.611957550
12,halfway_ties.FP64.mul_div,0,0,toward_zero,1048576,2.618152618,2.613245964
12,halfway_ties.FP64.mul_div,0,1,nearest_even,1048576,3.001955986,2.988598824
12,halfway_ties.FP64.mul_div,1,0,nearest_even,1048576,2.994436264,2.987208366
12,halfway_ties.FP64.mul_div,1,1,toward_zero,1048576,2.615152359,2.609835625
12,halfway_ties.FP64.mul_div,2,0,toward_zero,1048576,2.621009827,2.610934258
12,halfway_ties.FP64.mul_div,2,1,nearest_even,1048576,2.995601654,2.987941742
12,halfway_ties.FP64.mul_div,3,0,nearest_even,1048576,2.989200592,2.983499527
12,halfway_ties.FP64.mul_div,3,1,toward_zero,1048576,2.609505653,2.605965614
12,halfway_ties.FP64.mul_div,4,0,toward_zero,1048576,2.620378494,2.607820511
12,halfway_ties.FP64.mul_div,4,1,nearest_even,1048576,2.989047050,2.982793808
12,halfway_ties.FP64.mul_div,5,0,nearest_even,1048576,2.990270615,2.983663559
12,halfway_ties.FP64.mul_div,5,1,toward_zero,1048576,2.610604286,2.605773926
12,halfway_ties.FP64.mul_div,6,0,toward_zero,1048576,2.621745110,2.608938217
12,halfway_ties.FP64.mul_div,6,1,nearest_even,1048576,2.992907524,2.986394882
12,halfway_ties.FP64.mul_div,7,0,nearest_even,1048576,3.393612862,3.383983612
12,halfway_ties.FP64.mul_div,7,1,toward_zero,1048576,2.619127274,2.600930214
12,halfway_ties.FP64.mul_div,8,0,toward_zero,1048576,2.613728523,2.607503891
12,halfway_ties.FP64.mul_div,8,1,nearest_even,1048576,2.992075920,2.985591888
12,exact_chain.FP64.mul_div,0,0,toward_zero,1048576,3.735671997,3.728148460
12,exact_chain.FP64.mul_div,0,1,nearest_even,1048576,3.755029678,3.742357254
12,exact_chain.FP64.mul_div,1,0,nearest_even,1048576,3.757188797,3.750011444
12,exact_chain.FP64.mul_div,1,1,toward_zero,1048576,3.736129761,3.728896141
12,exact_chain.FP64.mul_div,2,0,toward_zero,1048576,3.744892120,3.730673790
12,exact_chain.FP64.mul_div,2,1,nearest_even,1048576,3.750968933,3.745864868
12,exact_chain.FP64.mul_div,3,0,nearest_even,1048576,3.760981560,3.748254776
12,exact_chain.FP64.mul_div,3,1,toward_zero,1048576,3.736244202,3.728419304
12,exact_chain.FP64.mul_div,4,0,toward_zero,1048576,3.731925011,3.725072861
12,exact_chain.FP64.mul_div,4,1,nearest_even,1048576,3.761851311,3.748511314
12,exact_chain.FP64.mul_div,5,0,nearest_even,1048576,3.754589081,3.745780945
12,exact_chain.FP64.mul_div,5,1,toward_zero,1048576,3.735356331,3.727090836
12,exact_chain.FP64.mul_div,6,0,toward_zero,1048576,3.743898392,3.730471611
12,exact_chain.FP64.mul_div,6,1,nearest_even,1048576,3.752096176,3.744184494
12,exact_chain.FP64.mul_div,7,0,nearest_even,1048576,3.753004074,3.744804382
12,exact_chain.FP64.mul_div,7,1,toward_zero,1048576,3.745522499,3.733061790
12,exact_chain.FP64.mul_div,8,0,toward_zero,1048576,3.733980179,3.727167130
12,exact_chain.FP64.mul_div,8,1,nearest_even,1048576,3.760035515,3.746736526
12,inexact_chain.FP64.mul_div,0,0,toward_zero,1048576,3.733760834,3.726537704
12,inexact_chain.FP64.mul_div,0,1,nearest_even,1048576,5.172136307,5.158063889
12,inexact_chain.FP64.mul_div,1,0,nearest_even,1048576,5.173349380,5.156916618
12,inexact_chain.FP64.mul_div,1,1,toward_zero,1048576,3.739216805,3.732775688
12,inexact_chain.FP64.mul_div,2,0,toward_zero,1048576,3.752553940,3.735832214
12,inexact_chain.FP64.mul_div,2,1,nearest_even,1048576,5.164396286,5.151356697
12,inexact_chain.FP64.mul_div,3,0,nearest_even,1048576,5.169805527,5.154615402
12,inexact_chain.FP64.mul_div,3,1,toward_zero,1048576,3.737610817,3.729939461
12,inexact_chain.FP64.mul_div,4,0,toward_zero,1048576,3.737745285,3.730566978
12,inexact_chain.FP64.mul_div,4,1,nearest_even,1048576,5.213669777,5.178480148
12,inexact_chain.FP64.mul_div,5,0,nearest_even,1048576,5.164692879,5.156227112
12,inexact_chain.FP64.mul_div,5,1,toward_zero,1048576,3.745617867,3.732042313
12,inexact_chain.FP64.mul_div,6,0,toward_zero,1048576,3.730894089,3.726935387
12,inexact_chain.FP64.mul_div,6,1,nearest_even,1048576,5.159562111,5.146980286
12,inexact_chain.FP64.mul_div,7,0,nearest_even,1048576,5.150503159,5.142431259
12,inexact_chain.FP64.mul_div,7,1,toward_zero,1048576,3.739245415,3.729691505
12,inexact_chain.FP64.mul_div,8,0,toward_zero,1048576,3.732499123,3.727195740
12,inexact_chain.FP64.mul_div,8,1,nearest_even,1048576,5.147198677,5.138420105
12,throughput4096.FP128.mul,0,0,toward_zero,1048576,3.883071899,3.870275497
12,throughput4096.FP128.mul,0,1,nearest_even,1048576,7.820281029,7.797721863
12,throughput4096.FP128.mul,1,0,nearest_even,1048576,7.611243248,7.598063469
12,throughput4096.FP128.mul,1,1,toward_zero,1048576,3.958249092,3.936901093
12,throughput4096.FP128.mul,2,0,toward_zero,1048576,4.195769310,4.188387871
12,throughput4096.FP128.mul,2,1,nearest_even,1048576,7.707095146,7.684274673
12,throughput4096.FP128.mul,3,0,nearest_even,1048576,7.632597923,7.609530449
12,throughput4096.FP128.mul,3,1,toward_zero,1048576,3.793907166,3.785153389
12,throughput4096.FP128.mul,4,0,toward_zero,1048576,3.777329445,3.767429352
12,throughput4096.FP128.mul,4,1,nearest_even,1048576,7.644120216,7.623651505
12,throughput4096.FP128.mul,5,0,nearest_even,1048576,7.699614525,7.676288605
12,throughput4096.FP128.mul,5,1,toward_zero,1048576,4.102705956,4.091536522
12,throughput4096.FP128.mul,6,0,toward_zero,1048576,3.955057144,3.940225601
12,throughput4096.FP128.mul,6,1,nearest_even,1048576,7.666564941,7.650588036
12,throughput4096.FP128.mul,7,0,nearest_even,1048576,7.640184402,7.616649628
12,throughput4096.FP128.mul,7,1,toward_zero,1048576,3.905650139,3.892157555
12,throughput4096.FP128.mul,8,0,toward_zero,1048576,3.879441261,3.872159004
12,throughput4096.FP128.mul,8,1,nearest_even,1048576,7.717911720,7.694990158
12,throughput256.FP128.mul,0,0,nearest_even,1048576,2.589144707,2.582929611
12,throughput256.FP128.mul,0,1,toward_zero,1048576,3.720029831,3.711955070
12,throughput256.FP128.mul,1,0,toward_zero,1048576,3.780798912,3.765834808
12,throughput256.FP128.mul,1,1,nearest_even,1048576,2.587052345,2.581401825
12,throughput256.FP128.mul,2,0,nearest_even,1048576,2.568860054,2.562940598
12,throughput256.FP128.mul,2,1,toward_zero,1048576,3.782194138,3.767498970
12,throughput256.FP128.mul,3,0,toward_zero,1048576,3.768052101,3.760875702
12,throughput256.FP128.mul,3,1,nearest_even,1048576,2.560604095,2.555030823
12,throughput256.FP128.mul,4,0,nearest_even,1048576,2.572815895,2.561058044
12,throughput256.FP128.mul,4,1,toward_zero,1048576,3.784132957,3.778636932
12,throughput256.FP128.mul,5,0,toward_zero,1048576,3.876240730,3.865706444
12,throughput256.FP128.mul,5,1,nearest_even,1048576,2.582485199,2.558937073
12,throughput256.FP128.mul,6,0,nearest_even,1048576,2.563480377,2.558327675
12,throughput256.FP128.mul,6,1,toward_zero,1048576,3.810503960,3.803259850
12,throughput256.FP128.mul,7,0,toward_zero,1048576,3.775084496,3.760618210
12,throughput256.FP128.mul,7,1,nearest_even,1048576,2.538399696,2.531773567
12,throughput256.FP128.mul,8,0,nearest_even,1048576,2.542545319,2.539034843
12,throughput256.FP128.mul,8,1,toward_zero,1048576,3.811650276,3.802849770
12,exact_results.FP128.mul,0,0,toward_zero,1048576,2.529446602,2.519544601
12,exact_results.FP128.mul,0,1,nearest_even,1048576,2.559935570,2.554018021
12,exact_results.FP128.mul,1,0,nearest_even,1048576,2.558360100,2.552459717
12,exact_results.FP128.mul,1,1,toward_zero,1048576,2.505799294,2.500749588
12,exact_results.FP128.mul,2,0,toward_zero,1048576,2.516366959,2.504629135
12,exact_results.FP128.mul,2,1,nearest_even,1048576,2.560222626,2.553788185
12,exact_results.FP128.mul,3,0,nearest_even,1048576,2.552445412,2.548992157
12,exact_results.FP128.mul,3,1,toward_zero,1048576,2.508474350,2.502211571
12,exact_results.FP128.mul,4,0,toward_zero,1048576,2.516576767,2.504695892
12,exact_results.FP128.mul,4,1,nearest_even,1048576,2.552339554,2.549297333
12,exact_results.FP128.mul,5,0,nearest_even,1048576,2.551584244,2.544443130
12,exact_results.FP128.mul,5,1,toward_zero,1048576,2.508369446,2.502306938
12,exact_results.FP128.mul,6,0,toward_zero,1048576,2.513452530,2.502345085
12,exact_results.FP128.mul,6,1,nearest_even,1048576,2.561359406,2.555707932
12,exact_results.FP128.mul,7,0,nearest_even,1048576,2.561799049,2.555270195
12,exact_results.FP128.mul,7,1,toward_zero,1048576,2.503400803,2.499814034
12,exact_results.FP128.mul,8,0,toward_zero,1048576,2.516118050,2.503569603
12,exact_results.FP128.mul,8,1,nearest_even,1048576,2.556066513,2.550576210
12,halfway_ties.FP128.mul,0,0,nearest_even,1048576,4.146867752,4.136030197
12,halfway_ties.FP128.mul,0,1,toward_zero,1048576,2.519537926,2.509980202
12,halfway_ties.FP128.mul,1,0,toward_zero,1048576,2.510088921,2.504791260
12,halfway_ties.FP128.mul,1,1,nearest_even,1048576,4.082698822,4.074793816
12,halfway_ties.FP128.mul,2,0,nearest_even,1048576,4.027788162,4.011035919
12,halfway_ties.FP128.mul,2,1,toward_zero,1048576,2.958300591,2.952123642
12,halfway_ties.FP128.mul,3,0,toward_zero,1048576,2.507776260,2.503014565
12,halfway_ties.FP128.mul,3,1,nearest_even,1048576,3.992473602,3.979181290
12,halfway_ties.FP128.mul,4,0,nearest_even,1048576,3.962948799,3.952464104
12,halfway_ties.FP128.mul,4,1,toward_zero,1048576,2.920120239,2.915106773
12,halfway_ties.FP128.mul,5,0,toward_zero,1048576,2.980505943,2.969397545
12,halfway_ties.FP128.mul,5,1,nearest_even,1048576,3.997365952,3.990092278
12,halfway_ties.FP128.mul,6,0,nearest_even,1048576,3.974414825,3.966196060
12,halfway_ties.FP128.mul,6,1,toward_zero,1048576,2.519767761,2.508576393
12,halfway_ties.FP128.mul,7,0,toward_zero,1048576,2.505588531,2.502957344
12,halfway_ties.FP128.mul,7,1,nearest_even,1048576,3.985412598,3.974871635
12,halfway_ties.FP128.mul,8,0,nearest_even,1048576,3.973125458,3.958551407
12,halfway_ties.FP128.mul,8,1,toward_zero,1048576,2.838780403,2.832345963
12,exact_chain.FP128.mul,0,0,nearest_even,1048576,3.743115425,3.736416817
12,exact_chain.FP128.mul,0,1,toward_zero,1048576,3.784524918,3.771539688
12,exact_chain.FP128.mul,1,0,toward_zero,1048576,3.774004936,3.766656876
12,exact_chain.FP128.mul,1,1,nearest_even,1048576,3.751293182,3.741411209
12,exact_chain.FP128.mul,2,0,nearest_even,1048576,3.757990837,3.743724823
12,exact_chain.FP128.mul,2,1,toward_zero,1048576,3.776231766,3.767976761
12,exact_chain.FP128.mul,3,0,toward_zero,1048576,3.779316902,3.771979332
12,exact_chain.FP128.mul,3,1,nearest_even,1048576,3.744987488,3.731419563
12,exact_chain.FP128.mul,4,0,nearest_even,1048576,3.733597755,3.725783348
12,exact_chain.FP128.mul,4,1,toward_zero,1048576,3.781267166,3.773557663
12,exact_chain.FP128.mul,5,0,toward_zero,1048576,3.784504890,3.770993233
12,exact_chain.FP128.mul,5,1,nearest_even,1048576,3.742255211,3.734991074
12,exact_chain.FP128.mul,6,0,nearest_even,1048576,3.749056816,3.734103203
12,exact_chain.FP128.mul,6,1,toward_zero,1048576,3.775629044,3.767334938
12,exact_chain.FP128.mul,7,0,toward_zero,1048576,3.775447845,3.767804146
12,exact_chain.FP128.mul,7,1,nearest_even,1048576,3.750615120,3.737047195
12,exact_chain.FP128.mul,8,0,nearest_even,1048576,3.746486664,3.741003036
12,exact_chain.FP128.mul,8,1,toward_zero,1048576,3.775170326,3.768235207
12,inexact_chain.FP128.mul,0,0,toward_zero,1048576,3.773307800,3.767078400
12,inexact_chain.FP128.mul,0,1,nearest_even,1048576,7.667357445,7.646641731
12,inexact_chain.FP128.mul,1,0,nearest_even,1048576,7.703005791,7.688072205
12,inexact_chain.FP128.mul,1,1,toward_zero,1048576,3.781352997,3.767783165
12,inexact_chain.FP128.mul,2,0,toward_zero,1048576,3.774606705,3.763693810
12,inexact_chain.FP128.mul,2,1,nearest_even,1048576,7.678259850,7.654150963
12,inexact_chain.FP128.mul,3,0,nearest_even,1048576,7.667347908,7.647280693
12,inexact_chain.FP128.mul,3,1,toward_zero,1048576,3.808602333,3.798044205
12,inexact_chain.FP128.mul,4,0,toward_zero,1048576,3.783607483,3.775695801
12,inexact_chain.FP128.mul,4,1,nearest_even,1048576,7.698840141,7.663838387
12,inexact_chain.FP128.mul,5,0,nearest_even,1048576,7.682444572,7.658483505
12,inexact_chain.FP128.mul,5,1,toward_zero,1048576,3.781801224,3.775264740
12,inexact_chain.FP128.mul,6,0,toward_zero,1048576,3.787324905,3.773812294
12,inexact_chain.FP128.mul,6,1,nearest_even,1048576,7.665322304,7.650141716
12,inexact_chain.FP128.mul,7,0,nearest_even,1048576,7.675125122,7.652561188
12,inexact_chain.FP128.mul,7,1,toward_zero,1048576,3.805630684,3.777845383
12,inexact_chain.FP128.mul,8,0,toward_zero,1048576,3.778285027,3.771273613
12,inexact_chain.FP128.mul,8,1,nearest_even,1048576,7.673416138,7.652200699
12,throughput4096.FP128.div,0,0,nearest_even,1048576,3.391262054,3.385223389
12,throughput4096.FP128.div,0,1,toward_zero,1048576,2.582063675,2.576375008
12,throughput4096.FP128.div,1,0,toward_zero,1048576,2.609677315,2.593190193
12,throughput4096.FP128.div,1,1,nearest_even,1048576,3.393995285,3.387909889
12,throughput4096.FP128.div,2,0,nearest_even,1048576,3.396679878,3.388989449
12,throughput4096.FP128.div,2,1,toward_zero,1048576,2.592718124,2.580492973
12,throughput4096.FP128.div,3,0,toward_zero,1048576,2.592202187,2.588585854
12,throughput4096.FP128.div,3,1,nearest_even,1048576,3.396374702,3.388292313
12,throughput4096.FP128.div,4,0,nearest_even,1048576,3.391214371,3.385664940
12,throughput4096.FP128.div,4,1,toward_zero,1048576,2.592699051,2.580493927
12,throughput4096.FP128.div,5,0,toward_zero,1048576,2.596855164,2.591605186
12,throughput4096.FP128.div,5,1,nearest_even,1048576,3.395179749,3.388760567
12,throughput4096.FP128.div,6,0,nearest_even,1048576,3.399775505,3.385920525
12,throughput4096.FP128.div,6,1,toward_zero,1048576,2.586670876,2.580858231
12,throughput4096.FP128.div,7,0,toward_zero,1048576,2.595631599,2.591061592
12,throughput4096.FP128.div,7,1,nearest_even,1048576,3.401409149,3.391414642
12,throughput4096.FP128.div,8,0,nearest_even,1048576,3.399756432,3.384250641
12,throughput4096.FP128.div,8,1,toward_zero,1048576,2.587061882,2.583244324
12,throughput256.FP128.div,0,0,toward_zero,1048576,2.598899841,2.592504501
12,throughput256.FP128.div,0,1,nearest_even,1048576,3.405155182,3.391368866
12,throughput256.FP128.div,1,0,nearest_even,1048576,3.391310692,3.384622574
12,throughput256.FP128.div,1,1,toward_zero,1048576,2.586096764,2.579786301
12,throughput256.FP128.div,2,0,toward_zero,1048576,2.596989632,2.585212708
12,throughput256.FP128.div,2,1,nearest_even,1048576,3.394338608,3.388024330
12,throughput256.FP128.div,3,0,nearest_even,1048576,3.400405884,3.389218330
12,throughput256.FP128.div,3,1,toward_zero,1048576,2.577230453,2.572868347
12,throughput256.FP128.div,4,0,toward_zero,1048576,2.596272469,2.583912849
12,throughput256.FP128.div,4,1,nearest_even,1048576,3.399173737,3.392000198
12,throughput256.FP128.div,5,0,nearest_even,1048576,3.394138336,3.388626099
12,throughput256.FP128.div,5,1,toward_zero,1048576,2.590214729,2.578133583
12,throughput256.FP128.div,6,0,toward_zero,1048576,2.588274956,2.583139420
12,throughput256.FP128.div,6,1,nearest_even,1048576,3.399086952,3.393432617
12,throughput256.FP128.div,7,0,nearest_even,1048576,3.400129318,3.386650085
12,throughput256.FP128.div,7,1,toward_zero,1048576,2.588514328,2.582385063
12,throughput256.FP128.div,8,0,toward_zero,1048576,2.588800430,2.585422516
12,throughput256.FP128.div,8,1,nearest_even,1048576,3.400472641,3.391732216
12,exact_results.FP128.div,0,0,toward_zero,1048576,2.587959290,2.574923515
12,exact_results.FP128.div,0,1,nearest_even,1048576,2.560805321,2.555382729
12,exact_results.FP128.div,1,0,nearest_even,1048576,2.563671112,2.559951782
12,exact_results.FP128.div,1,1,toward_zero,1048576,2.580813408,2.574158669
12,exact_results.FP128.div,2,0,toward_zero,1048576,2.587673187,2.574188232
12,exact_results.FP128.div,2,1,nearest_even,1048576,2.568038940,2.560657501
12,exact_results.FP128.div,3,0,nearest_even,1048576,3.032330513,3.026447296
12,exact_results.FP128.div,3,1,toward_zero,1048576,3.296011925,3.283573151
12,exact_results.FP128.div,4,0,toward_zero,1048576,2.568277359,2.562454224
12,exact_results.FP128.div,4,1,nearest_even,1048576,2.561034203,2.554847717
12,exact_results.FP128.div,5,0,nearest_even,1048576,2.564846992,2.561757088
12,exact_results.FP128.div,5,1,toward_zero,1048576,2.587195396,2.575209618
12,exact_results.FP128.div,6,0,toward_zero,1048576,2.581452370,2.574998856
12,exact_results.FP128.div,6,1,nearest_even,1048576,2.558951378,2.555564880
12,exact_results.FP128.div,7,0,nearest_even,1048576,3.044484138,3.035543442
12,exact_results.FP128.div,7,1,toward_zero,1048576,3.031336784,3.019416809
12,exact_results.FP128.div,8,0,toward_zero,1048576,2.582991600,2.579318047
12,exact_results.FP128.div,8,1,nearest_even,1048576,3.049203873,3.040292740
12,halfway_ties.FP128.div,0,0,nearest_even,1048576,3.381994247,3.367540359
12,halfway_ties.FP128.div,0,1,toward_zero,1048576,2.906322479,2.900585175
12,halfway_ties.FP128.div,1,0,toward_zero,1048576,2.586803436,2.577751160
12,halfway_ties.FP128.div,1,1,nearest_even,1048576,3.750021935,3.736472130
12,halfway_ties.FP128.div,2,0,nearest_even,1048576,4.130137444,4.121555328
12,halfway_ties.FP128.div,2,1,toward_zero,1048576,2.899624825,2.893782616
12,halfway_ties.FP128.div,3,0,toward_zero,1048576,2.581634521,2.569763184
12,halfway_ties.FP128.div,3,1,nearest_even,1048576,4.761216164,4.749296188
12,halfway_ties.FP128.div,4,0,nearest_even,1048576,3.736091614,3.728150368
12,halfway_ties.FP128.div,4,1,toward_zero,1048576,2.573751450,2.563275337
12,halfway_ties.FP128.div,5,0,toward_zero,1048576,2.574926376,2.568493843
12,halfway_ties.FP128.div,5,1,nearest_even,1048576,3.987886429,3.980078697
12,halfway_ties.FP128.div,6,0,nearest_even,1048576,4.323103905,4.305234909
12,halfway_ties.FP128.div,6,1,toward_zero,1048576,3.005042076,2.998883247
12,halfway_ties.FP128.div,7,0,toward_zero,1048576,2.568850517,2.565386772
12,halfway_ties.FP128.div,7,1,nearest_even,1048576,3.380408287,3.366621971
12,halfway_ties.FP128.div,8,0,nearest_even,1048576,4.098483086,4.091056824
12,halfway_ties.FP128.div,8,1,toward_zero,1048576,2.649874687,2.643840790
12,exact_chain.FP128.div,0,0,nearest_even,1048576,3.942483902,3.933080673
12,exact_chain.FP128.div,0,1,toward_zero,1048576,3.816409111,3.800147057
12,exact_chain.FP128.div,1,0,toward_zero,1048576,3.809195518,3.800843239
12,exact_chain.FP128.div,1,1,nearest_even,1048576,3.810762405,3.803672791
12,exact_chain.FP128.div,2,0,nearest_even,1048576,3.808716774,3.800355911
12,exact_chain.FP128.div,2,1,toward_zero,1048576,3.860236168,3.852887154
12,exact_chain.FP128.div,3,0,toward_zero,1048576,3.853471756,3.846295357
12,exact_chain.FP128.div,3,1,nearest_even,1048576,3.808822632,3.801555634
12,exact_chain.FP128.div,4,0,nearest_even,1048576,3.811202049,3.804044724
12,exact_chain.FP128.div,4,1,toward_zero,1048576,3.852611542,3.845069885
12,exact_chain.FP128.div,5,0,toward_zero,1048576,3.852152824,3.845205307
12,exact_chain.FP128.div,5,1,nearest_even,1048576,3.811497688,3.804483414
12,exact_chain.FP128.div,6,0,nearest_even,1048576,3.816677094,3.809186935
12,exact_chain.FP128.div,6,1,toward_zero,1048576,3.851341248,3.844220161
12,exact_chain.FP128.div,7,0,toward_zero,1048576,3.854359627,3.846837997
12,exact_chain.FP128.div,7,1,nearest_even,1048576,3.814020157,3.806717873
12,exact_chain.FP128.div,8,0,nearest_even,1048576,3.813780785,3.806147575
12,exact_chain.FP128.div,8,1,toward_zero,1048576,3.854588509,3.847334862
12,inexact_chain.FP128.div,0,0,nearest_even,1048576,5.084777832,5.075728416
12,inexact_chain.FP128.div,0,1,toward_zero,1048576,3.853749275,3.845291138
12,inexact_chain.FP128.div,1,0,toward_zero,1048576,3.852582932,3.844927788
12,inexact_chain.FP128.div,1,1,nearest_even,1048576,5.079417229,5.068050385
12,inexact_chain.FP128.div,2,0,nearest_even,1048576,5.066518784,5.056419373
12,inexact_chain.FP128.div,2,1,toward_zero,1048576,3.851876259,3.844298363
12,inexact_chain.FP128.div,3,0,toward_zero,1048576,3.850184441,3.837991714
12,inexact_chain.FP128.div,3,1,nearest_even,1048576,5.036745071,5.027210236
12,inexact_chain.FP128.div,4,0,nearest_even,1048576,5.008119583,4.996072769
12,inexact_chain.FP128.div,4,1,toward_zero,1048576,3.853624344,3.846008301
12,inexact_chain.FP128.div,5,0,toward_zero,1048576,3.853471756,3.845940590
12,inexact_chain.FP128.div,5,1,nearest_even,1048576,5.089181900,5.068011284
12,inexact_chain.FP128.div,6,0,nearest_even,1048576,5.077095985,5.068994522
12,inexact_chain.FP128.div,6,1,toward_zero,1048576,3.860942841,3.846323013
12,inexact_chain.FP128.div,7,0,toward_zero,1048576,3.853986740,3.846532822
12,inexact_chain.FP128.div,7,1,nearest_even,1048576,5.045975685,5.031728745
12,inexact_chain.FP128.div,8,0,nearest_even,1048576,5.022031784,5.012466431
12,inexact_chain.FP128.div,8,1,toward_zero,1048576,3.856843948,3.844393730
12,throughput4096.FP128.mul_div,0,0,nearest_even,1048576,4.898125648,4.889557838
12,throughput4096.FP128.mul_div,0,1,toward_zero,1048576,3.798569679,3.784523010
12,throughput4096.FP128.mul_div,1,0,toward_zero,1048576,3.788289070,3.781113625
12,throughput4096.FP128.mul_div,1,1,nearest_even,1048576,4.898632050,4.888419151
12,throughput4096.FP128.mul_div,2,0,nearest_even,1048576,4.902549744,4.885901451
12,throughput4096.FP128.mul_div,2,1,toward_zero,1048576,3.787581444,3.779594421
12,throughput4096.FP128.mul_div,3,0,toward_zero,1048576,3.842369080,3.782790184
12,throughput4096.FP128.mul_div,3,1,nearest_even,1048576,4.906305313,4.896292686
12,throughput4096.FP128.mul_div,4,0,nearest_even,1048576,4.912018776,4.894848824
12,throughput4096.FP128.mul_div,4,1,toward_zero,1048576,3.784008980,3.775915146
12,throughput4096.FP128.mul_div,5,0,toward_zero,1048576,3.786970139,3.781953812
12,throughput4096.FP128.mul_div,5,1,nearest_even,1048576,4.912295341,4.895768166
12,throughput4096.FP128.mul_div,6,0,nearest_even,1048576,4.900687218,4.892396927
12,throughput4096.FP128.mul_div,6,1,toward_zero,1048576,3.794557571,3.781149864
12,throughput4096.FP128.mul_div,7,0,toward_zero,1048576,3.784610748,3.777442932
12,throughput4096.FP128.mul_div,7,1,nearest_even,1048576,4.901135445,4.885775566
12,throughput4096.FP128.mul_div,8,0,nearest_even,1048576,4.891973495,4.882897377
12,throughput4096.FP128.mul_div,8,1,toward_zero,1048576,3.787409782,3.780108452
12,throughput256.FP128.mul_div,0,0,toward_zero,1048576,3.796171188,3.782793999
12,throughput256.FP128.mul_div,0,1,nearest_even,1048576,4.899281502,4.891164780
12,throughput256.FP128.mul_div,1,0,nearest_even,1048576,4.895966530,4.879670143
12,throughput256.FP128.mul_div,1,1,toward_zero,1048576,3.779766083,3.771702766
12,throughput256.FP128.mul_div,2,0,toward_zero,1048576,3.785460472,3.777613640
12,throughput256.FP128.mul_div,2,1,nearest_even,1048576,4.898776054,4.882831573
12,throughput256.FP128.mul_div,3,0,nearest_even,1048576,4.894227028,4.884341240
12,throughput256.FP128.mul_div,3,1,toward_zero,1048576,3.790114403,3.777263641
12,throughput256.FP128.mul_div,4,0,toward_zero,1048576,3.784801483,3.779078484
12,throughput256.FP128.mul_div,4,1,nearest_even,1048576,4.901498795,4.884119987
12,throughput256.FP128.mul_div,5,0,nearest_even,1048576,4.887338638,4.878455162
12,throughput256.FP128.mul_div,5,1,toward_zero,1048576,3.793419838,3.778562546
12,throughput256.FP128.mul_div,6,0,toward_zero,1048576,3.783856392,3.775601387
12,throughput256.FP128.mul_div,6,1,nearest_even,1048576,4.883363724,4.873793602
12,throughput256.FP128.mul_div,7,0,nearest_even,1048576,4.916489601,4.901424408
12,throughput256.FP128.mul_div,7,1,toward_zero,1048576,3.796334267,3.788688660
12,throughput256.FP128.mul_div,8,0,toward_zero,1048576,3.796219826,3.783079147
12,throughput256.FP128.mul_div,8,1,nearest_even,1048576,4.892555237,4.884320259
12,exact_results.FP128.mul_div,0,0,nearest_even,1048576,3.672821045,3.659440994
12,exact_results.FP128.mul_div,0,1,toward_zero,1048576,3.739120483,3.733882904
12,exact_results.FP128.mul_div,1,0,toward_zero,1048576,3.738547325,3.731591225
12,exact_results.FP128.mul_div,1,1,nearest_even,1048576,3.671826363,3.658450127
12,exact_results.FP128.mul_div,2,0,nearest_even,1048576,3.661431313,3.653424263
12,exact_results.FP128.mul_div,2,1,toward_zero,1048576,3.741538048,3.734906197
12,exact_results.FP128.mul_div,3,0,toward_zero,1048576,3.747576714,3.734092712
12,exact_results.FP128.mul_div,3,1,nearest_even,1048576,4.349723816,4.340720177
12,exact_results.FP128.mul_div,4,0,nearest_even,1048576,4.060378075,4.047031403
12,exact_results.FP128.mul_div,4,1,toward_zero,1048576,3.739560127,3.732812881
12,exact_results.FP128.mul_div,5,0,toward_zero,1048576,3.739521027,3.732652664
12,exact_results.FP128.mul_div,5,1,nearest_even,1048576,3.673470497,3.659882545
12,exact_results.FP128.mul_div,6,0,nearest_even,1048576,3.665100098,3.658554077
12,exact_results.FP128.mul_div,6,1,toward_zero,1048576,3.742082596,3.735373497
12,exact_results.FP128.mul_div,7,0,toward_zero,1048576,3.751092911,3.736675262
12,exact_results.FP128.mul_div,7,1,nearest_even,1048576,3.661526680,3.653882980
12,exact_results.FP128.mul_div,8,0,nearest_even,1048576,3.664804459,3.659041405
12,exact_results.FP128.mul_div,8,1,toward_zero,1048576,4.030491829,4.015574455
12,halfway_ties.FP128.mul_div,0,0,nearest_even,1048576,4.892602921,4.883398056
12,halfway_ties.FP128.mul_div,0,1,toward_zero,1048576,3.934485435,3.919359207
12,halfway_ties.FP128.mul_div,1,0,toward_zero,1048576,3.743276596,3.734619141
12,halfway_ties.FP128.mul_div,1,1,nearest_even,1048576,5.008817673,4.992788315
12,halfway_ties.FP128.mul_div,2,0,nearest_even,1048576,4.898259163,4.889469147
12,halfway_ties.FP128.mul_div,2,1,toward_zero,1048576,3.778859138,3.771882057
12,halfway_ties.FP128.mul_div,3,0,toward_zero,1048576,3.769332886,3.755343437
12,halfway_ties.FP128.mul_div,3,1,nearest_even,1048576,4.887100220,4.877698898
12,halfway_ties.FP128.mul_div,4,0,nearest_even,1048576,4.897953987,4.880453110
12,halfway_ties.FP128.mul_div,4,1,toward_zero,1048576,4.080472946,4.073341370
12,halfway_ties.FP128.mul_div,5,0,toward_zero,1048576,4.104272842,4.075808525
12,halfway_ties.FP128.mul_div,5,1,nearest_even,1048576,4.894505501,4.884207726
12,halfway_ties.FP128.mul_div,6,0,nearest_even,1048576,4.902922630,4.887464523
12,halfway_ties.FP128.mul_div,6,1,toward_zero,1048576,3.764019966,3.756910324
12,halfway_ties.FP128.mul_div,7,0,toward_zero,1048576,3.739140511,3.732004166
12,halfway_ties.FP128.mul_div,7,1,nearest_even,1048576,4.932006836,4.916560173
12,halfway_ties.FP128.mul_div,8,0,nearest_even,1048576,5.073578835,5.062909126
12,halfway_ties.FP128.mul_div,8,1,toward_zero,1048576,3.994823456,3.982065201
12,exact_chain.FP128.mul_div,0,0,nearest_even,1048576,4.318547249,4.305433273
12,exact_chain.FP128.mul_div,0,1,toward_zero,1048576,4.043542862,4.035801888
12,exact_chain.FP128.mul_div,1,0,toward_zero,1048576,4.070096016,4.048851967
12,exact_chain.FP128.mul_div,1,1,nearest_even,1048576,3.943658829,3.934530258
12,exact_chain.FP128.mul_div,2,0,nearest_even,1048576,3.946763992,3.932814598
12,exact_chain.FP128.mul_div,2,1,toward_zero,1048576,4.054024696,4.044084549
12,exact_chain.FP128.mul_div,3,0,toward_zero,1048576,4.052362442,4.045310974
12,exact_chain.FP128.mul_div,3,1,nearest_even,1048576,3.951301575,3.936814308
12,exact_chain.FP128.mul_div,4,0,nearest_even,1048576,3.944842339,3.936672211
12,exact_chain.FP128.mul_div,4,1,toward_zero,1048576,4.051397324,4.037465096
12,exact_chain.FP128.mul_div,5,0,toward_zero,1048576,4.053375244,4.042662621
12,exact_chain.FP128.mul_div,5,1,nearest_even,1048576,3.942148209,3.934885025
12,exact_chain.FP128.mul_div,6,0,nearest_even,1048576,3.947432518,3.931648254
12,exact_chain.FP128.mul_div,6,1,toward_zero,1048576,4.047633171,4.040552139
12,exact_chain.FP128.mul_div,7,0,toward_zero,1048576,4.040217400,4.032597542
12,exact_chain.FP128.mul_div,7,1,nearest_even,1048576,3.944986343,3.930548668
12,exact_chain.FP128.mul_div,8,0,nearest_even,1048576,3.937017441,3.931083679
12,exact_chain.FP128.mul_div,8,1,toward_zero,1048576,4.050471306,4.036375046
12,inexact_chain.FP128.mul_div,0,0,nearest_even,1048576,5.244235992,5.232895851
12,inexact_chain.FP128.mul_div,0,1,toward_zero,1048576,4.053345680,4.038602829
12,inexact_chain.FP128.mul_div,1,0,toward_zero,1048576,4.041488647,4.034082413
12,inexact_chain.FP128.mul_div,1,1,nearest_even,1048576,5.235790253,5.223923683
12,inexact_chain.FP128.mul_div,2,0,nearest_even,1048576,5.248869896,5.233792305
12,inexact_chain.FP128.mul_div,2,1,toward_zero,1048576,4.046935081,4.039059639
12,inexact_chain.FP128.mul_div,3,0,toward_zero,1048576,4.055687904,4.039527893
12,inexact_chain.FP128.mul_div,3,1,nearest_even,1048576,5.234987259,5.225700378
12,inexact_chain.FP128.mul_div,4,0,nearest_even,1048576,5.250503540,5.232942581
12,inexact_chain.FP128.mul_div,4,1,toward_zero,1048576,4.047508240,4.040683746
12,inexact_chain.FP128.mul_div,5,0,toward_zero,1048576,4.046925545,4.034138680
12,inexact_chain.FP128.mul_div,5,1,nearest_even,1048576,5.240824699,5.229216576
12,inexact_chain.FP128.mul_div,6,0,nearest_even,1048576,5.243385315,5.228155136
12,inexact_chain.FP128.mul_div,6,1,toward_zero,1048576,4.043333054,4.035515785
12,inexact_chain.FP128.mul_div,7,0,toward_zero,1048576,4.041316986,4.032485008
12,inexact_chain.FP128.mul_div,7,1,nearest_even,1048576,5.244723320,5.229895592
12,inexact_chain.FP128.mul_div,8,0,nearest_even,1048576,5.241207123,5.230278969
12,inexact_chain.FP128.mul_div,8,1,toward_zero,1048576,4.050107956,4.036612511
12,wide_product.FP128.mul,0,0,toward_zero,1048576,19.693707466,19.637195587
12,wide_product.FP128.mul,0,1,nearest_even,1048576,26.315053940,26.242346764
12,wide_product.FP128.mul,1,0,nearest_even,1048576,26.329844475,26.265156746
12,wide_product.FP128.mul,1,1,toward_zero,1048576,19.682279587,19.631177902
12,wide_product.FP128.mul,2,0,toward_zero,1048576,19.685213089,19.636765480
12,wide_product.FP128.mul,2,1,nearest_even,1048576,26.294692039,26.225601196
12,wide_product.FP128.mul,3,0,nearest_even,1048576,26.296212196,26.233659744
12,wide_product.FP128.mul,3,1,toward_zero,1048576,19.622954369,19.570769310
12,wide_product.FP128.mul,4,0,toward_zero,1048576,19.673805237,19.623824120
12,wide_product.FP128.mul,4,1,nearest_even,1048576,26.322706223,26.235848427
12,wide_product.FP128.mul,5,0,nearest_even,1048576,26.281927109,26.216312408
12,wide_product.FP128.mul,5,1,toward_zero,1048576,19.649860382,19.599356651
12,wide_product.FP128.mul,6,0,toward_zero,1048576,19.706415176,19.655354500
12,wide_product.FP128.mul,6,1,nearest_even,1048576,26.712960243,26.630778313
12,wide_product.FP128.mul,7,0,nearest_even,1048576,26.372266769,26.301386833
12,wide_product.FP128.mul,7,1,toward_zero,1048576,19.694653511,19.642530441
12,wide_product.FP128.mul,8,0,toward_zero,1048576,19.677664757,19.623742104
12,wide_product.FP128.mul,8,1,nearest_even,1048576,26.335281372,26.266517639
12,native_by64.FP128.div,0,0,toward_zero,1048576,12.945733070,12.914229393
12,native_by64.FP128.div,0,1,nearest_even,1048576,15.807644844,15.763416290
12,native_by64.FP128.div,1,0,nearest_even,1048576,15.792280197,15.757840157
12,native_by64.FP128.div,1,1,toward_zero,1048576,12.951599121,12.915068626
12,native_by64.FP128.div,2,0,toward_zero,1048576,12.936521530,12.906660080
12,native_by64.FP128.div,2,1,nearest_even,1048576,15.811533928,15.773337364
12,native_by64.FP128.div,3,0,nearest_even,1048576,15.796284676,15.751198769
12,native_by64.FP128.div,3,1,toward_zero,1048576,12.982689857,12.891113281
12,native_by64.FP128.div,4,0,toward_zero,1048576,12.950318336,12.918116570
12,native_by64.FP128.div,4,1,nearest_even,1048576,15.812785149,15.769001961
12,native_by64.FP128.div,5,0,nearest_even,1048576,15.809555054,15.765913010
12,native_by64.FP128.div,5,1,toward_zero,1048576,12.947070122,12.915576935
12,native_by64.FP128.div,6,0,toward_zero,1048576,12.945971489,12.912767410
12,native_by64.FP128.div,6,1,nearest_even,1048576,15.815078735,15.769078255
12,native_by64.FP128.div,7,0,nearest_even,1048576,15.802944183,15.765579224
12,native_by64.FP128.div,7,1,toward_zero,1048576,12.943018913,12.909708977
12,native_by64.FP128.div,8,0,toward_zero,1048576,12.947070122,12.910082817
12,native_by64.FP128.div,8,1,nearest_even,1048576,15.796121597,15.757468224
12,native_by128.FP128.div,0,0,toward_zero,1048576,19.326051712,19.270845413
12,native_by128.FP128.div,0,1,nearest_even,1048576,20.797276497,20.712007523
12,native_by128.FP128.div,1,0,nearest_even,1048576,20.694353104,20.665094376
12,native_by128.FP128.div,1,1,toward_zero,1048576,19.113870621,19.082243919
12,native_by128.FP128.div,2,0,toward_zero,1048576,18.820951462,18.798244476
12,native_by128.FP128.div,2,1,nearest_even,1048576,20.589986801,20.564101219
12,native_by128.FP128.div,3,0,nearest_even,1048576,20.573724747,20.547558784
12,native_by128.FP128.div,3,1,toward_zero,1048576,18.816622734,18.796047211
12,native_by128.FP128.div,4,0,toward_zero,1048576,18.830247879,18.806336403
12,native_by128.FP128.div,4,1,nearest_even,1048576,20.471632004,20.446387291
12,native_by128.FP128.div,5,0,nearest_even,1048576,20.499293327,20.474174500
12,native_by128.FP128.div,5,1,toward_zero,1048576,18.803045273,18.777217865
12,native_by128.FP128.div,6,0,toward_zero,1048576,18.854230881,18.830987930
12,native_by128.FP128.div,6,1,nearest_even,1048576,20.586441994,20.565540314
12,native_by128.FP128.div,7,0,nearest_even,1048576,20.541315079,20.517731667
12,native_by128.FP128.div,7,1,toward_zero,1048576,18.803791046,18.780655861
12,native_by128.FP128.div,8,0,toward_zero,1048576,18.825699806,18.806910515
12,native_by128.FP128.div,8,1,nearest_even,1048576,20.688419342,20.572581291
12,wide_by64.FP128.div,0,0,toward_zero,1048576,20.601032257,19.997733116
12,wide_by64.FP128.div,0,1,nearest_even,1048576,31.245569229,30.053297043
12,wide_by64.FP128.div,1,0,nearest_even,1048576,30.901580811,29.895566940
12,wide_by64.FP128.div,1,1,toward_zero,1048576,20.516100883,20.187481880
12,wide_by64.FP128.div,2,0,toward_zero,1048576,21.275966644,20.029357910
12,wide_by64.FP128.div,2,1,nearest_even,1048576,31.443591118,29.972115517
12,wide_by64.FP128.div,3,0,nearest_even,1048576,30.805165291,30.027726173
12,wide_by64.FP128.div,3,1,toward_zero,1048576,20.180787086,20.132879257
12,wide_by64.FP128.div,4,0,toward_zero,1048576,20.202427864,20.163455963
12,wide_by64.FP128.div,4,1,nearest_even,1048576,30.705804825,30.584710121
12,wide_by64.FP128.div,5,0,nearest_even,1048576,30.755967140,29.957968712
12,wide_by64.FP128.div,5,1,toward_zero,1048576,20.500019073,20.037245750
12,wide_by64.FP128.div,6,0,toward_zero,1048576,20.082554817,20.052569389
12,wide_by64.FP128.div,6,1,nearest_even,1048576,29.937683105,29.897336960
12,wide_by64.FP128.div,7,0,nearest_even,1048576,29.951403618,29.907050133
12,wide_by64.FP128.div,7,1,toward_zero,1048576,20.066904068,20.034178734
12,wide_by64.FP128.div,8,0,toward_zero,1048576,20.742823601,20.687056541
12,wide_by64.FP128.div,8,1,nearest_even,1048576,30.256495476,30.197433472
12,wide_by128.FP128.div,0,0,nearest_even,1048576,35.502928734,35.441425323
12,wide_by128.FP128.div,0,1,toward_zero,1048576,31.798519135,31.742592812
12,wide_by128.FP128.div,1,0,toward_zero,1048576,31.760673523,31.710140228
12,wide_by128.FP128.div,1,1,nearest_even,1048576,35.473136902,35.423649788
12,wide_by128.FP128.div,2,0,nearest_even,1048576,35.485700607,35.426639557
12,wide_by128.FP128.div,2,1,toward_zero,1048576,31.789595604,31.740401268
12,wide_by128.FP128.div,3,0,toward_zero,1048576,31.715030670,31.666756630
12,wide_by128.FP128.div,3,1,nearest_even,1048576,35.446899414,35.397310257
12,wide_by128.FP128.div,4,0,nearest_even,1048576,35.243976593,35.182318687
12,wide_by128.FP128.div,4,1,toward_zero,1048576,31.630042076,31.574933052
12,wide_by128.FP128.div,5,0,toward_zero,1048576,32.940078735,32.687922478
12,wide_by128.FP128.div,5,1,nearest_even,1048576,35.962853432,35.881068230
12,wide_by128.FP128.div,6,0,nearest_even,1048576,36.097928047,35.964277267
12,wide_by128.FP128.div,6,1,toward_zero,1048576,32.801764488,32.326012611
12,wide_by128.FP128.div,7,0,toward_zero,1048576,32.002446175,31.939042091
12,wide_by128.FP128.div,7,1,nearest_even,1048576,35.920669556,35.848885536
12,wide_by128.FP128.div,8,0,nearest_even,1048576,35.995110512,35.880004883
12,wide_by128.FP128.div,8,1,toward_zero,1048576,32.147305489,32.084205627
12,wide_product.FP128.mul_div,0,0,toward_zero,1048576,24.218062401,24.156822205
12,wide_product.FP128.mul_div,0,1,nearest_even,1048576,28.270234108,28.188966751
12,wide_product.FP128.mul_div,1,0,nearest_even,1048576,28.474427223,28.417367935
12,wide_product.FP128.mul_div,1,1,toward_zero,1048576,24.039494514,23.954277039
12,wide_product.FP128.mul_div,2,0,toward_zero,1048576,24.188633919,24.144466400
12,wide_product.FP128.mul_div,2,1,nearest_even,1048576,28.391252518,28.343205452
12,wide_product.FP128.mul_div,3,0,nearest_even,1048576,28.259666443,28.211333275
12,wide_product.FP128.mul_div,3,1,toward_zero,1048576,24.190764427,24.128292084
12,wide_product.FP128.mul_div,4,0,toward_zero,1048576,24.032567978,23.981017113
12,wide_product.FP128.mul_div,4,1,nearest_even,1048576,28.470490456,28.408856392
12,wide_product.FP128.mul_div,5,0,nearest_even,1048576,28.468120575,28.407409668
12,wide_product.FP128.mul_div,5,1,toward_zero,1048576,24.092656136,24.031211853
12,wide_product.FP128.mul_div,6,0,toward_zero,1048576,24.261431694,24.208276749
12,wide_product.FP128.mul_div,6,1,nearest_even,1048576,28.360286713,28.299854279
12,wide_product.FP128.mul_div,7,0,nearest_even,1048576,28.512463570,28.451676369
12,wide_product.FP128.mul_div,7,1,toward_zero,1048576,24.030923843,23.978870392
12,wide_product.FP128.mul_div,8,0,toward_zero,1048576,24.239703178,24.188391685
12,wide_product.FP128.mul_div,8,1,nearest_even,1048576,28.299442291,28.237753868
12,throughput4096.FP64.mul_wide,0,0,toward_zero,1048576,2.549836159,2.543612480
12,throughput4096.FP64.mul_wide,0,1,nearest_even,1048576,2.609734535,2.604828835
12,throughput4096.FP64.mul_wide,1,0,nearest_even,1048576,2.577067375,2.571016312
12,throughput4096.FP64.mul_wide,1,1,toward_zero,1048576,2.560929298,2.556912422
12,throughput4096.FP64.mul_wide,2,0,toward_zero,1048576,2.672528267,2.661326408
12,throughput4096.FP64.mul_wide,2,1,nearest_even,1048576,2.602301598,2.596336365
12,throughput4096.FP64.mul_wide,3,0,nearest_even,1048576,2.576522827,2.570711136
12,throughput4096.FP64.mul_wide,3,1,toward_zero,1048576,2.544791222,2.538527489
12,throughput4096.FP64.mul_wide,4,0,toward_zero,1048576,2.555302620,2.549345016
12,throughput4096.FP64.mul_wide,4,1,nearest_even,1048576,2.579791069,2.573745728
12,throughput4096.FP64.mul_wide,5,0,nearest_even,1048576,2.583955765,2.578715324
12,throughput4096.FP64.mul_wide,5,1,toward_zero,1048576,2.560566902,2.555153847
12,throughput4096.FP64.mul_wide,6,0,toward_zero,1048576,2.562582970,2.556098938
12,throughput4096.FP64.mul_wide,6,1,nearest_even,1048576,2.580115318,2.575935364
12,throughput4096.FP64.mul_wide,7,0,nearest_even,1048576,2.586793900,2.580809593
12,throughput4096.FP64.mul_wide,7,1,toward_zero,1048576,2.577813148,2.571626663
12,throughput4096.FP64.mul_wide,8,0,toward_zero,1048576,2.567378044,2.562578201
12,throughput4096.FP64.mul_wide,8,1,nearest_even,1048576,2.590062141,2.584648132
12,fullrange.FP64.mul_wide,0,0,nearest_even,1048576,4.232535362,4.224362373
12,fullrange.FP64.mul_wide,0,1,toward_zero,1048576,4.238191605,4.228251457
12,fullrange.FP64.mul_wide,1,0,toward_zero,1048576,4.174327850,4.165314674
12,fullrange.FP64.mul_wide,1,1,nearest_even,1048576,4.227051735,4.216767311
12,fullrange.FP64.mul_wide,2,0,nearest_even,1048576,4.130089760,4.121859550
12,fullrange.FP64.mul_wide,2,1,toward_zero,1048576,4.079611778,4.070628166
12,fullrange.FP64.mul_wide,3,0,toward_zero,1048576,4.067888260,4.060702324
12,fullrange.FP64.mul_wide,3,1,nearest_even,1048576,4.156537056,4.146617889
12,fullrange.FP64.mul_wide,4,0,nearest_even,1048576,4.115212440,4.107844353
12,fullrange.FP64.mul_wide,4,1,toward_zero,1048576,4.065681458,4.058131218
12,fullrange.FP64.mul_wide,5,0,toward_zero,1048576,4.086539268,4.076264381
12,fullrange.FP64.mul_wide,5,1,nearest_even,1048576,4.140389442,4.130815506
12,fullrange.FP64.mul_wide,6,0,nearest_even,1048576,4.105342865,4.097639084
12,fullrange.FP64.mul_wide,6,1,toward_zero,1048576,4.314543724,4.300465584
12,fullrange.FP64.mul_wide,7,0,toward_zero,1048576,4.065136909,4.057480812
12,fullrange.FP64.mul_wide,7,1,nearest_even,1048576,4.216435432,4.206398964
12,fullrange.FP64.mul_wide,8,0,nearest_even,1048576,4.132277489,4.124431610
12,fullrange.FP64.mul_wide,8,1,toward_zero,1048576,4.063598633,4.055982590
12,throughput4096.FP64.quantize4,0,0,toward_zero,1048576,3.324188232,3.318027496
12,throughput4096.FP64.quantize4,0,1,nearest_even,1048576,6.162156105,6.147822380
12,throughput4096.FP64.quantize4,1,0,nearest_even,1048576,6.155688286,6.142292976
12,throughput4096.FP64.quantize4,1,1,toward_zero,1048576,3.327617645,3.320778847
12,throughput4096.FP64.quantize4,2,0,toward_zero,1048576,3.318541527,3.313594818
12,throughput4096.FP64.quantize4,2,1,nearest_even,1048576,6.446218491,6.432540894
12,throughput4096.FP64.quantize4,3,0,nearest_even,1048576,6.175637245,6.163439751
12,throughput4096.FP64.quantize4,3,1,toward_zero,1048576,3.349431992,3.342450142
12,throughput4096.FP64.quantize4,4,0,toward_zero,1048576,3.327609062,3.321323395
12,throughput4096.FP64.quantize4,4,1,nearest_even,1048576,6.240323067,6.228892326
12,throughput4096.FP64.quantize4,5,0,nearest_even,1048576,6.125896454,6.114779472
12,throughput4096.FP64.quantize4,5,1,toward_zero,1048576,3.348963737,3.341245651
12,throughput4096.FP64.quantize4,6,0,toward_zero,1048576,3.338710785,3.334288597
12,throughput4096.FP64.quantize4,6,1,nearest_even,1048576,6.293266296,6.281031609
12,throughput4096.FP64.quantize4,7,0,nearest_even,1048576,6.311859131,6.301537514
12,throughput4096.FP64.quantize4,7,1,toward_zero,1048576,3.352451324,3.344772339
12,throughput4096.FP64.quantize4,8,0,toward_zero,1048576,3.350052834,3.342669487
12,throughput4096.FP64.quantize4,8,1,nearest_even,1048576,6.529544830,6.514550209
12,throughput4096.FP128.quantize4,0,0,toward_zero,1048576,9.285905838,9.266943932
12,throughput4096.FP128.quantize4,0,1,nearest_even,1048576,14.197446823,14.172320366
12,throughput4096.FP128.quantize4,1,0,nearest_even,1048576,14.212200165,14.185781479
12,throughput4096.FP128.quantize4,1,1,toward_zero,1048576,9.969010353,9.948453903
12,throughput4096.FP128.quantize4,2,0,toward_zero,1048576,9.292919159,9.274027824
12,throughput4096.FP128.quantize4,2,1,nearest_even,1048576,14.284976959,14.257315636
12,throughput4096.FP128.quantize4,3,0,nearest_even,1048576,14.204460144,14.176583290
12,throughput4096.FP128.quantize4,3,1,toward_zero,1048576,9.281319618,9.263883591
12,throughput4096.FP128.quantize4,4,0,toward_zero,1048576,10.286981583,10.266088486
12,throughput4096.FP128.quantize4,4,1,nearest_even,1048576,14.215763092,14.189146042
12,throughput4096.FP128.quantize4,5,0,nearest_even,1048576,14.251249313,14.222920418
12,throughput4096.FP128.quantize4,5,1,toward_zero,1048576,10.208460808,10.185611725
12,throughput4096.FP128.quantize4,6,0,toward_zero,1048576,9.291820526,9.273016930
12,throughput4096.FP128.quantize4,6,1,nearest_even,1048576,14.224143028,14.198834419
12,throughput4096.FP128.quantize4,7,0,nearest_even,1048576,14.239105225,14.211261749
12,throughput4096.FP128.quantize4,7,1,toward_zero,1048576,9.318812370,9.302272797
12,throughput4096.FP128.quantize4,8,0,toward_zero,1048576,10.142705917,10.116975784
12,throughput4096.FP128.quantize4,8,1,nearest_even,1048576,14.254508018,14.226833344
12,parse_extra_digit.FP64,0,0,nearest_even,1048576,38.386930466,38.302876472
12,parse_extra_digit.FP64,0,1,toward_zero,1048576,36.596465111,36.519783974
12,parse_extra_digit.FP64,1,0,toward_zero,1048576,35.974653244,35.906740189
12,parse_extra_digit.FP64,1,1,nearest_even,1048576,38.226984978,38.149437904
12,parse_extra_digit.FP64,2,0,nearest_even,1048576,38.263570786,38.184942245
12,parse_extra_digit.FP64,2,1,toward_zero,1048576,37.128460884,37.046715736
12,parse_extra_digit.FP64,3,0,toward_zero,1048576,38.519024849,38.429553986
12,parse_extra_digit.FP64,3,1,nearest_even,1048576,38.164449692,38.065802574
12,parse_extra_digit.FP64,4,0,nearest_even,1048576,38.214248657,38.142144203
12,parse_extra_digit.FP64,4,1,toward_zero,1048576,37.979804993,37.895256996
12,parse_extra_digit.FP64,5,0,toward_zero,1048576,36.676982880,36.545926094
12,parse_extra_digit.FP64,5,1,nearest_even,1048576,38.914713860,38.833096504
12,parse_extra_digit.FP64,6,0,nearest_even,1048576,38.904728889,38.845391273
12,parse_extra_digit.FP64,6,1,toward_zero,1048576,37.394540787,37.341878891
12,parse_extra_digit.FP64,7,0,toward_zero,1048576,38.430500031,38.373497009
12,parse_extra_digit.FP64,7,1,nearest_even,1048576,39.646250725,39.586499214
12,parse_extra_digit.FP64,8,0,nearest_even,1048576,39.354211807,39.300825119
12,parse_extra_digit.FP64,8,1,toward_zero,1048576,37.794252396,37.746057510
12,format_2digits.FP64,0,0,nearest_even,1048576,24.389674187,24.359416008
12,format_2digits.FP64,0,1,toward_zero,1048576,20.508026123,20.483556747
12,format_2digits.FP64,1,0,toward_zero,1048576,21.388225555,21.357432365
12,format_2digits.FP64,1,1,nearest_even,1048576,25.118000984,25.074934006
12,format_2digits.FP64,2,0,nearest_even,1048576,26.496497154,26.407258034
12,format_2digits.FP64,2,1,toward_zero,1048576,20.485152245,20.454690933
12,format_2digits.FP64,3,0,toward_zero,1048576,21.517156601,21.483591080
12,format_2digits.FP64,3,1,nearest_even,1048576,24.443983078,24.416291237
12,format_2digits.FP64,4,0,nearest_even,1048576,25.172711372,25.080603600
12,format_2digits.FP64,4,1,toward_zero,1048576,20.532476425,20.500418663
12,format_2digits.FP64,5,0,toward_zero,1048576,20.566138268,20.542416573
12,format_2digits.FP64,5,1,nearest_even,1048576,25.648880005,25.614640236
12,format_2digits.FP64,6,0,nearest_even,1048576,26.454399109,26.406506538
12,format_2digits.FP64,6,1,toward_zero,1048576,20.888188362,20.810547829
12,format_2digits.FP64,7,0,toward_zero,1048576,20.543732643,20.513305664
12,format_2digits.FP64,7,1,nearest_even,1048576,25.323436737,25.290281296
12,format_2digits.FP64,8,0,nearest_even,1048576,24.848414421,24.793449402
12,format_2digits.FP64,8,1,toward_zero,1048576,21.541788101,21.462314606
12,parse_extra_digit.FP128,0,0,toward_zero,1048576,37.497177124,37.448701859
12,parse_extra_digit.FP128,0,1,nearest_even,1048576,39.059649467,39.008298874
12,parse_extra_digit.FP128,1,0,nearest_even,1048576,39.369183540,39.246787071
12,parse_extra_digit.FP128,1,1,toward_zero,1048576,37.585424423,37.526034355
12,parse_extra_digit.FP128,2,0,toward_zero,1048576,37.407247543,37.318581581
12,parse_extra_digit.FP128,2,1,nearest_even,1048576,39.084653854,39.022814751
12,parse_extra_digit.FP128,3,0,nearest_even,1048576,40.092427254,40.024426460
12,parse_extra_digit.FP128,3,1,toward_zero,1048576,37.561634064,37.448764801
12,parse_extra_digit.FP128,4,0,toward_zero,1048576,37.752202034,37.653365135
12,parse_extra_digit.FP128,4,1,nearest_even,1048576,42.107725143,41.952337265
12,parse_extra_digit.FP128,5,0,nearest_even,1048576,41.823644638,41.729923248
12,parse_extra_digit.FP128,5,1,toward_zero,1048576,37.756797791,37.693149567
12,parse_extra_digit.FP128,6,0,toward_zero,1048576,37.611795425,37.509765625
12,parse_extra_digit.FP128,6,1,nearest_even,1048576,39.231748581,39.171100616
12,parse_extra_digit.FP128,7,0,nearest_even,1048576,39.322871208,39.200963020
12,parse_extra_digit.FP128,7,1,toward_zero,1048576,37.926479340,37.865954399
12,parse_extra_digit.FP128,8,0,toward_zero,1048576,37.485280991,37.426874161
12,parse_extra_digit.FP128,8,1,nearest_even,1048576,39.989904404,39.878205299
12,format_2digits.FP128,0,0,nearest_even,1048576,25.631681442,25.590998650
12,format_2digits.FP128,0,1,toward_zero,1048576,21.842857361,21.811271667
12,format_2digits.FP128,1,0,toward_zero,1048576,23.464673042,23.325025558
12,format_2digits.FP128,1,1,nearest_even,1048576,25.970204353,25.920692444
12,format_2digits.FP128,2,0,nearest_even,1048576,26.727807045,26.653723717
12,format_2digits.FP128,2,1,toward_zero,1048576,20.780478477,20.745581627
12,format_2digits.FP128,3,0,toward_zero,1048576,21.612531662,21.537484169
12,format_2digits.FP128,3,1,nearest_even,1048576,24.530758858,24.483958244
12,format_2digits.FP128,4,0,nearest_even,1048576,26.356119156,26.308792114
12,format_2digits.FP128,4,1,toward_zero,1048576,20.569443703,20.519511223
12,format_2digits.FP128,5,0,toward_zero,1048576,20.542202950,20.514723778
12,format_2digits.FP128,5,1,nearest_even,1048576,25.645774841,25.566048622
12,format_2digits.FP128,6,0,nearest_even,1048576,25.312563896,25.270832062
12,format_2digits.FP128,6,1,toward_zero,1048576,20.602445602,20.570480347
12,format_2digits.FP128,7,0,toward_zero,1048576,20.550095558,20.518391609
12,format_2digits.FP128,7,1,nearest_even,1048576,25.440835953,25.358551979
12,format_2digits.FP128,8,0,nearest_even,1048576,24.609757423,24.576131821
12,format_2digits.FP128,8,1,toward_zero,1048576,21.335951805,21.302301407
